Woman pilot sexually harassed during cab ride in Mumbai; 3 booked | Latest News India - Hindustan Times - Hindustan Times,Technology,Google News,13,
DGCA threatens to suspend Air India license over 'repeated violations' | Latest News India - Hindustan Times - Hindustan Times,Technology,Google News,13,
London-bound flight with 209 onboard returns to Chennai due to â€˜operational reasonâ€™ - Times of India,Technology,Google News,13,
"Pahalgam terror attack: NIA arrests two for providing shelter, food to attackers | Latest News India - Hindustan Times - Hindustan Times",General,Google News,8,
"Iran Warns Strike On US Fleet, Closure Of Strait Of Hormuz; Khamenei Vows Unprecedented Damage - News18",World,Google News,8,
"US has struck three Iranian nuclear sites, Trump says, joining Israeli air campaign",Technology,Reddit News,8,
"Haitian immigrants in Wisconsin lose legal status, encouraged to self-deport immediately",Technology,Reddit News,8,
Accenture is giving consulting a new name as it doubles down on AI: 'reinvention services',Technology,yahoo,8,
India says it will never restore Indus water treaty with Pakistan - Reuters,General,Google News,5,
"Indians stretch, breathe and balance to mark International Day of Yoga - AP News",General,Google News,5,
The bad boy of bar charts: William Playfair (2023),Technology,Hacker News,5,
Join us at AI Startup School â€” June 16-17,Technology,YC Blog,5,
Correcting the record for Continue and PearAI,Technology,YC Blog,5,
Taiwan central bank says US debt rising too fast may impact trust in Treasuries,Technology,yahoo,5,
"Labour policy â€˜actively working against job creationâ€™, says Currys boss",Technology,yahoo,5,
Why Mondelezâ€™s Dividend Stands Strong in Uncertain Markets,Technology,yahoo,5,
"Extreme heat ails Reds' De La Cruz, M's Thornton",Technology,ESPN,5,
Liberty's Jones out 4-6 weeks with ankle sprain,Technology,ESPN,5,
Hereâ€™s how Iran could retaliate after U.S. strikes on its nuclear programme - The Hindu,World,Google News,3,
Rajnath Singh warns of disastrous consequences if Pakistan backs more terror attacks - The Economic Times,World,Google News,3,
New Texas law will require Ten Commandments to be posted in every public school classroom,General,Reddit News,3,
"Former Texas Rep. Blake Farenthold, who left Congress amid sexual harassment allegations, dies at 63",Politics,Reddit News,3,
Harvard hired a researcher to uncover its ties to slavery. He says the results cost him his job: â€˜We found too many slavesâ€™,General,Reddit News,3,
Authorities confirm more than two dozen missing children found during special operation,General,Reddit News,3,
Tyler Bosmeny built Clever into a $500M companyâ€“now heâ€™s helping YC founders do the same as General Partner,General,YC Blog,3,
"B2 Bombers, Bunker Busters, Tomahawks: The Weapons US Used To Strike Iran - NDTV",World,Google News,0,
"Minnesota shootings suspect was a 'prepper', FBI says",General,Reddit News,0,
"B-2 bombers moving to Guam amid Middle East tensions, US officials say",General,Reddit News,0,
Adults fighting kids for clean water at Texas Family Detention Center,General,Reddit News,0,
"A web extension to redirects YouTube, X, etc. to privacy-friendly front ends",General,Hacker News,0,
"Sound As Pure Form: Music Language Inspired by Supercollider, APL, and Forth",Entertainment,Hacker News,0,
Remote MCP Support in Claude Code,General,Hacker News,0,
LaborBerlin: State-of-the-Art 16mm Projector,General,Hacker News,0,
"Finally, a Makefile formatter (50 years overdue)",General,Hacker News,0,
Denmark's Archaeology Experiment Is Paying Off in Gold and Knowledge,General,Hacker News,0,
Dalton Caldwellâ€™s Move to Partner Emeritus,General,YC Blog,0,
Welcoming Jon Xu and Andrew Miklas as YCâ€™s Newest General Partners,General,YC Blog,0,
Michael Seibel's Legacy Continues at YC: Transition to Partner Emeritus,General,YC Blog,0,
Announcing the YC Spring 2025 batch,General,YC Blog,0,
"YC Winter 2025 batch applications due by Tuesday, November 12, 2024",Sports,YC Blog,0,
Procter & Gamble: 69 Years of Dividend Growth Fueled by Rising Cash Flow,General,yahoo,0,
Walmartâ€™s Stablecoin Ambitions Shake Up Payment Stocks,Finance,yahoo,0,
JNJâ€™s Consistent Payout Makes It a Top Pick for Down Markets,Finance,yahoo,0,
Few Stocks Match Coca-Colaâ€™s Dividend Stability,Sports,yahoo,0,
Who Will Use Teslaâ€™s Robo-Taxi? There Are 2 Big Challenges.,General,yahoo,0,
Why Income Investors Turn to EPD When the Market Sours,Finance,yahoo,0,
What an NBA title would mean for two generations of Pacers legends,General,ESPN,0,
Anderson's shutout has LSU on brink of MCWS title,General,ESPN,0,
"Jones, 37, retires; White: Aspinall now champion",General,ESPN,0,
"Devers goes deep vs. Red Sox, downplays homer",General,ESPN,0,
Sources: Bucks' Connaughton picks up option,General,ESPN,0,
Fleetwood atop Travelers as 1st tour win in sight,Sports,ESPN,0,
Reds prospect Burns will make MLB debut Tuesday,General,ESPN,0,
ðŸ‘€ How the Red Sox 'botched' Devers divorce,General,ESPN,0,
TPU Deep Dive,General,Hacker News,-2,
P-Hacking in Startups,Technology,Hacker News,-2,
Type Inference Zoo,General,Hacker News,-2,
East Coast College Tour 2025,General,YC Blog,-2,
Summer Fellows Grants,General,YC Blog,-2,
#MockTrend,General,Twitter,-2,
Woman pilot sexually harassed during cab ride in Mumbai; 3 booked | Latest News India - Hindustan Times - Hindustan Times,Technology,Google News,13,
India says it will never restore Indus water treaty with Pakistan,General,Reddit News,5,
Israel-Iran war: Tehran says it reserves all options on response to â€˜outrageousâ€™ US strikes - Mint,World,Google News,3,
16 Injured In Iran's Fresh Salvo Of Ballistic Missiles At Israel After US Strikes On Nuclear Sites - News18,World,Google News,3,
Khameneiâ€™s circle issues stark warning after US strikes Iran: 'Target naval fleet' | World News - Hindustan Times - Hindustan Times,World,Google News,3,
Meghalaya honeymoon murder: Indore property dealer held for concealing evidence - The Hindu,General,Google News,3,
Woman pilot sexually harassed during cab ride in Mumbai; 3 booked | Latest News India - Hindustan Times - Hindustan Times,Technology,Google News,,
DGCA threatens to suspend Air India license over 'repeated violations' | Latest News India - Hindustan Times - Hindustan Times,Technology,Google News,,
London-bound flight with 209 onboard returns to Chennai due to â€˜operational reasonâ€™ - Times of India,Technology,Google News,,
"Pahalgam terror attack: NIA arrests two for providing shelter, food to attackers | Latest News India - Hindustan Times - Hindustan Times",General,Google News,,
"US has struck three Iranian nuclear sites, Trump says, joining Israeli air campaign",Technology,Reddit News,,
"Haitian immigrants in Wisconsin lose legal status, encouraged to self-deport immediately",Technology,Reddit News,,
Accenture is giving consulting a new name as it doubles down on AI: 'reinvention services',Technology,yahoo,,
India says it will never restore Indus water treaty with Pakistan,General,Reddit News,,
The bad boy of bar charts: William Playfair (2023),Technology,Hacker News,,
Join us at AI Startup School â€” June 16-17,Technology,YC Blog,,
Correcting the record for Continue and PearAI,Technology,YC Blog,,
Taiwan central bank says US debt rising too fast may impact trust in Treasuries,Technology,yahoo,,
"Labour policy â€˜actively working against job creationâ€™, says Currys boss",Technology,yahoo,,
Why Mondelezâ€™s Dividend Stands Strong in Uncertain Markets,Technology,yahoo,,
"Extreme heat ails Reds' De La Cruz, M's Thornton",Technology,ESPN,,
Liberty's Jones out 4-6 weeks with ankle sprain,Technology,ESPN,,
Israel-Iran war: Tehran says it reserves all options on response to â€˜outrageousâ€™ US strikes - Mint,World,Google News,,
16 Injured In Iran's Fresh Salvo Of Ballistic Missiles At Israel After US Strikes On Nuclear Sites - News18,World,Google News,,
Khameneiâ€™s circle issues stark warning after US strikes Iran: 'Target naval fleet' | World News - Hindustan Times - Hindustan Times,World,Google News,,
Meghalaya honeymoon murder: Indore property dealer held for concealing evidence - The Hindu,General,Google News,,
Rajnath Singh warns of disastrous consequences if Pakistan backs more terror attacks - The Economic Times,World,Google News,,
New Texas law will require Ten Commandments to be posted in every public school classroom,General,Reddit News,,
"Former Texas Rep. Blake Farenthold, who left Congress amid sexual harassment allegations, dies at 63",Politics,Reddit News,,
Harvard hired a researcher to uncover its ties to slavery. He says the results cost him his job: â€˜We found too many slavesâ€™,General,Reddit News,,
Authorities confirm more than two dozen missing children found during special operation,General,Reddit News,,
Tyler Bosmeny built Clever into a $500M companyâ€“now heâ€™s helping YC founders do the same as General Partner,General,YC Blog,,
"B2 Bombers, Bunker Busters, Tomahawks: The Weapons US Used To Strike Iran - NDTV",World,Google News,,
"Minnesota shootings suspect was a 'prepper', FBI says",General,Reddit News,,
"B-2 bombers moving to Guam amid Middle East tensions, US officials say",General,Reddit News,,
Adults fighting kids for clean water at Texas Family Detention Center,General,Reddit News,,
"A web extension to redirects YouTube, X, etc. to privacy-friendly front ends",General,Hacker News,,
"Sound As Pure Form: Music Language Inspired by Supercollider, APL, and Forth",Entertainment,Hacker News,,
Remote MCP Support in Claude Code,General,Hacker News,,
"Finally, a Makefile formatter (50 years overdue)",General,Hacker News,,
LaborBerlin: State-of-the-Art 16mm Projector,General,Hacker News,,
"Show HN: I made beautiful screenshot generator, that's free forever",General,Hacker News,,
Dalton Caldwellâ€™s Move to Partner Emeritus,General,YC Blog,,
Welcoming Jon Xu and Andrew Miklas as YCâ€™s Newest General Partners,General,YC Blog,,
Michael Seibel's Legacy Continues at YC: Transition to Partner Emeritus,General,YC Blog,,
Announcing the YC Spring 2025 batch,General,YC Blog,,
"YC Winter 2025 batch applications due by Tuesday, November 12, 2024",Sports,YC Blog,,
Who Will Use Teslaâ€™s Robo-Taxi? There Are 2 Big Challenges.,General,yahoo,,
Procter & Gamble: 69 Years of Dividend Growth Fueled by Rising Cash Flow,General,yahoo,,
JNJâ€™s Consistent Payout Makes It a Top Pick for Down Markets,Finance,yahoo,,
Few Stocks Match Coca-Colaâ€™s Dividend Stability,Sports,yahoo,,
Walmartâ€™s Stablecoin Ambitions Shake Up Payment Stocks,Finance,yahoo,,
Why Income Investors Turn to EPD When the Market Sours,Finance,yahoo,,
What an NBA title would mean for two generations of Pacers legends,General,ESPN,,
Anderson's shutout has LSU on brink of MCWS title,General,ESPN,,
"Jones, 37, retires; White: Aspinall now champion",General,ESPN,,
"Devers goes deep vs. Red Sox, downplays homer",General,ESPN,,
Sources: Bucks' Connaughton picks up option,General,ESPN,,
Fleetwood atop Travelers as 1st tour win in sight,Sports,ESPN,,
Reds prospect Burns will make MLB debut Tuesday,General,ESPN,,
ðŸ‘€ How the Red Sox 'botched' Devers divorce,General,ESPN,,
TPU Deep Dive,General,Hacker News,,
P-Hacking in Startups,Technology,Hacker News,,
Type Inference Zoo,General,Hacker News,,
East Coast College Tour 2025,General,YC Blog,,
Summer Fellows Grants,General,YC Blog,,
#MockTrend,General,Twitter,,
"Iran Warns Strike On US Fleet, Closure Of Strait Of Hormuz; Khamenei Vows Unprecedented Damage - News18",World,Google News,,
India says it will never restore Indus water treaty with Pakistan - Reuters,General,Google News,,
"Indians stretch, breathe and balance to mark International Day of Yoga - AP News",General,Google News,,
"Woman Pilot Sexually Harassed During Cab Ride In Mumbai, 3 Booked - News18",Technology,Google News,,
